[{"id":"user-image-4650310-0.jpeg","fileName":"4650310-0.jpeg","name":"4650310-0","publicUrl":"https://assets.nicepagecdn.com/64fe9c67/4650294/images/4650310-0.jpeg","size":79199,"hash":"MeqnNy1xc1dODHXypFHINDoqGZ0=","width":500,"height":333,"thumbnail":{"url":"https://assets.nicepagecdn.com/64fe9c67/4650294/images/thumbnails/4650310-0.jpeg","width":150,"height":100},"usages":[]},{"id":"user-image-vintage-1.jpg","fileName":"vintage-1.jpg","name":"vintage-1","publicUrl":"https://assets.nicepagecdn.com/64fe9c67/4650294/images/vintage-1.jpg","size":566392,"hash":"/JL8iCUnN9Fv7qjdJaSQt8j8fXA=","width":1920,"height":1280,"thumbnail":{"url":"https://assets.nicepagecdn.com/64fe9c67/4650294/images/thumbnails/vintage-1.jpg","width":150,"height":100},"usages":["4650310"]},{"id":"user-image-clothes.jpg","fileName":"clothes.jpg","name":"clothes","publicUrl":"https://assets.nicepagecdn.com/64fe9c67/4650294/images/clothes.jpg","size":6385,"hash":"JW500JBFnbh3Gok7O9gOfrt2sS4=","width":183,"height":275,"thumbnail":{"url":"https://assets.nicepagecdn.com/64fe9c67/4650294/images/thumbnails/clothes.jpg","width":100,"height":150},"usages":["4650304","4652988"]},{"id":"user-image-Accesories.jpeg","fileName":"Accesories.jpeg","name":"Accesories","publicUrl":"https://assets.nicepagecdn.com/64fe9c67/4650294/images/Accesories.jpeg","size":8426,"hash":"pNYVCeKjQ+6h3iV4cSaqHSMVVxg=","width":275,"height":183,"thumbnail":{"url":"https://assets.nicepagecdn.com/64fe9c67/4650294/images/thumbnails/Accesories.jpeg","width":150,"height":100},"usages":["4650304","4652988"]},{"id":"user-image-books.jpeg","fileName":"books.jpeg","name":"books","publicUrl":"https://assets.nicepagecdn.com/64fe9c67/4650294/images/books.jpeg","size":10984,"hash":"uet/S8ypWHmO87R0s42D0sZZUbQ=","width":275,"height":183,"thumbnail":{"url":"https://assets.nicepagecdn.com/64fe9c67/4650294/images/thumbnails/books.jpeg","width":150,"height":100},"usages":["4650304","4652988"]},{"id":"user-image-270798.png","fileName":"270798.png","name":"270798","publicUrl":"https://assets.nicepagecdn.com/64fe9c67/4650294/images/270798.png","size":5319,"hash":"orU7GqVROIP3RH71uINzk1WGX8g=","width":128,"height":128,"thumbnail":{"url":"https://assets.nicepagecdn.com/64fe9c67/4650294/images/270798.png","width":128,"height":128},"usages":[]},{"id":"user-image-1ac581d842d5a6f2cf85a20f2e16dc6e55888e1af465add16ba71cab238d5c522215afcbc42249d253660eaeff039567a5ec1638b22695687a16b7_1280.jpg","fileName":"1ac581d842d5a6f2cf85a20f2e16dc6e55888e1af465add16ba71cab238d5c522215afcbc42249d253660eaeff039567a5ec1638b22695687a16b7_1280.jpg","name":"1ac581d842d5a6f2cf85a20f2e16dc6e55888e1af465add16ba71cab238d5c522215afcbc42249d253660eaeff039567a5ec1638b22695687a16b7_1280","publicUrl":"https://assets.nicepagecdn.com/64fe9c67/4650294/images/1ac581d842d5a6f2cf85a20f2e16dc6e55888e1af465add16ba71cab238d5c522215afcbc42249d253660eaeff039567a5ec1638b22695687a16b7_1280.jpg","size":102992,"hash":"27WCka8MLRrn3gG628UA96HRN1o=","width":1280,"height":854,"thumbnail":{"url":"https://assets.nicepagecdn.com/64fe9c67/4650294/images/thumbnails/1ac581d842d5a6f2cf85a20f2e16dc6e55888e1af465add16ba71cab238d5c522215afcbc42249d253660eaeff039567a5ec1638b22695687a16b7_1280.jpg","width":150,"height":100},"usages":["4650308"]},{"id":"user-image-c1af675048409c8563cebecd1fcafb16d45ffa846ace1450f427cc60ca4fb106b29bfa49ebc3cac61bff505d0d255894a1f902840e04797a891c76_1280.jpg","fileName":"c1af675048409c8563cebecd1fcafb16d45ffa846ace1450f427cc60ca4fb106b29bfa49ebc3cac61bff505d0d255894a1f902840e04797a891c76_1280.jpg","name":"c1af675048409c8563cebecd1fcafb16d45ffa846ace1450f427cc60ca4fb106b29bfa49ebc3cac61bff505d0d255894a1f902840e04797a891c76_1280","publicUrl":"https://assets.nicepagecdn.com/64fe9c67/4650294/images/c1af675048409c8563cebecd1fcafb16d45ffa846ace1450f427cc60ca4fb106b29bfa49ebc3cac61bff505d0d255894a1f902840e04797a891c76_1280.jpg","size":196206,"hash":"U50AQprj2bp619CNMNMY1kBztQA=","width":1280,"height":853,"thumbnail":{"url":"https://assets.nicepagecdn.com/64fe9c67/4650294/images/thumbnails/c1af675048409c8563cebecd1fcafb16d45ffa846ace1450f427cc60ca4fb106b29bfa49ebc3cac61bff505d0d255894a1f902840e04797a891c76_1280.jpg","width":150,"height":100},"usages":["4650308"]},{"id":"user-image-bfa0066933329ab5ffcf78a00716801a5aef26250fd6e95bd3c40a06dfa1fcb4e5a54cbe80a737f34d97e9c496ba0f6f0b94cf0eef9be89e8ebea1_1280.jpg","fileName":"bfa0066933329ab5ffcf78a00716801a5aef26250fd6e95bd3c40a06dfa1fcb4e5a54cbe80a737f34d97e9c496ba0f6f0b94cf0eef9be89e8ebea1_1280.jpg","name":"bfa0066933329ab5ffcf78a00716801a5aef26250fd6e95bd3c40a06dfa1fcb4e5a54cbe80a737f34d97e9c496ba0f6f0b94cf0eef9be89e8ebea1_1280","publicUrl":"https://assets.nicepagecdn.com/64fe9c67/4650294/images/bfa0066933329ab5ffcf78a00716801a5aef26250fd6e95bd3c40a06dfa1fcb4e5a54cbe80a737f34d97e9c496ba0f6f0b94cf0eef9be89e8ebea1_1280.jpg","size":347431,"hash":"ZeXdAaNG6CEHaLOoWJ9jDZxqYwQ=","width":1280,"height":960,"thumbnail":{"url":"https://assets.nicepagecdn.com/64fe9c67/4650294/images/thumbnails/bfa0066933329ab5ffcf78a00716801a5aef26250fd6e95bd3c40a06dfa1fcb4e5a54cbe80a737f34d97e9c496ba0f6f0b94cf0eef9be89e8ebea1_1280.jpg","width":150,"height":113},"usages":["4650309"]},{"id":"user-image-2d6e1681c29f243333f32b4ede21828cba3753ec0282a2757187c4a5f202f194bd039171bdbf6f1ae3a6d12c2d7fbd189546b8d4919fdb40d2a16d_1280.png","fileName":"2d6e1681c29f243333f32b4ede21828cba3753ec0282a2757187c4a5f202f194bd039171bdbf6f1ae3a6d12c2d7fbd189546b8d4919fdb40d2a16d_1280.png","name":"2d6e1681c29f243333f32b4ede21828cba3753ec0282a2757187c4a5f202f194bd039171bdbf6f1ae3a6d12c2d7fbd189546b8d4919fdb40d2a16d_1280","publicUrl":"https://assets.nicepagecdn.com/64fe9c67/4650294/images/2d6e1681c29f243333f32b4ede21828cba3753ec0282a2757187c4a5f202f194bd039171bdbf6f1ae3a6d12c2d7fbd189546b8d4919fdb40d2a16d_1280.png","size":390362,"hash":"2y18MNAR+1LHyhyBG7hq4pwxjB8=","width":1280,"height":901,"thumbnail":{"url":"https://assets.nicepagecdn.com/64fe9c67/4650294/images/thumbnails/2d6e1681c29f243333f32b4ede21828cba3753ec0282a2757187c4a5f202f194bd039171bdbf6f1ae3a6d12c2d7fbd189546b8d4919fdb40d2a16d_1280.png","width":150,"height":106},"usages":[]},{"id":"user-image-b9eaae7e22bf86a3704cbc35d0ca8e54894a083e7985ac6b8e57f16755d68d0ccf99b6a726c466a259d0ab8aa354a59131b248644d975fe9e26143_1280.jpg","fileName":"b9eaae7e22bf86a3704cbc35d0ca8e54894a083e7985ac6b8e57f16755d68d0ccf99b6a726c466a259d0ab8aa354a59131b248644d975fe9e26143_1280.jpg","name":"b9eaae7e22bf86a3704cbc35d0ca8e54894a083e7985ac6b8e57f16755d68d0ccf99b6a726c466a259d0ab8aa354a59131b248644d975fe9e26143_1280","publicUrl":"https://assets.nicepagecdn.com/64fe9c67/4650294/images/b9eaae7e22bf86a3704cbc35d0ca8e54894a083e7985ac6b8e57f16755d68d0ccf99b6a726c466a259d0ab8aa354a59131b248644d975fe9e26143_1280.jpg","size":344843,"hash":"2eNOPfUOeYJRdeI4hGmchKnLmCU=","width":1280,"height":823,"thumbnail":{"url":"https://assets.nicepagecdn.com/64fe9c67/4650294/images/thumbnails/b9eaae7e22bf86a3704cbc35d0ca8e54894a083e7985ac6b8e57f16755d68d0ccf99b6a726c466a259d0ab8aa354a59131b248644d975fe9e26143_1280.jpg","width":150,"height":96},"usages":[]},{"id":"user-image-a74cb303c304c75451ec44c21bd43d2917b697ae23cdccd351f0a712df863ea90f120699a56c4ffd4863570db04b3f854017013a739d942f9f75c1_1280.jpg","fileName":"a74cb303c304c75451ec44c21bd43d2917b697ae23cdccd351f0a712df863ea90f120699a56c4ffd4863570db04b3f854017013a739d942f9f75c1_1280.jpg","name":"a74cb303c304c75451ec44c21bd43d2917b697ae23cdccd351f0a712df863ea90f120699a56c4ffd4863570db04b3f854017013a739d942f9f75c1_1280","publicUrl":"https://assets.nicepagecdn.com/64fe9c67/4650294/images/a74cb303c304c75451ec44c21bd43d2917b697ae23cdccd351f0a712df863ea90f120699a56c4ffd4863570db04b3f854017013a739d942f9f75c1_1280.jpg","size":214986,"hash":"ToETMKHakBgJt4qn6Y86uXkbf6Y=","width":1280,"height":853,"thumbnail":{"url":"https://assets.nicepagecdn.com/64fe9c67/4650294/images/thumbnails/a74cb303c304c75451ec44c21bd43d2917b697ae23cdccd351f0a712df863ea90f120699a56c4ffd4863570db04b3f854017013a739d942f9f75c1_1280.jpg","width":150,"height":100},"usages":["4654376"]},{"id":"user-image-ca8d01f2bec55298d94c7cfb456d4d6687a67b278659ef2dfd7623dc7465d9f67a4e882ce0a31dfb689d21804dfd770bcd65102aa1ecd498cf7023_1280.jpg","fileName":"ca8d01f2bec55298d94c7cfb456d4d6687a67b278659ef2dfd7623dc7465d9f67a4e882ce0a31dfb689d21804dfd770bcd65102aa1ecd498cf7023_1280.jpg","name":"ca8d01f2bec55298d94c7cfb456d4d6687a67b278659ef2dfd7623dc7465d9f67a4e882ce0a31dfb689d21804dfd770bcd65102aa1ecd498cf7023_1280","publicUrl":"https://assets.nicepagecdn.com/64fe9c67/4650294/images/ca8d01f2bec55298d94c7cfb456d4d6687a67b278659ef2dfd7623dc7465d9f67a4e882ce0a31dfb689d21804dfd770bcd65102aa1ecd498cf7023_1280.jpg","size":229975,"hash":"XSN/KMunUsw86wrDru2cIGUCbEQ=","width":1280,"height":853,"thumbnail":{"url":"https://assets.nicepagecdn.com/64fe9c67/4650294/images/thumbnails/ca8d01f2bec55298d94c7cfb456d4d6687a67b278659ef2dfd7623dc7465d9f67a4e882ce0a31dfb689d21804dfd770bcd65102aa1ecd498cf7023_1280.jpg","width":150,"height":100},"usages":["4650308"]},{"id":"user-image-PS-PHOTO.jpg","fileName":"PS-PHOTO.jpg","name":"PS-PHOTO","publicUrl":"https://assets.nicepagecdn.com/64fe9c67/4650294/images/PS-PHOTO.jpg","size":96558,"hash":"ECSXrM+IIiTEjfQtq8gO3jnw9hg=","width":276,"height":354,"thumbnail":{"url":"https://assets.nicepagecdn.com/64fe9c67/4650294/images/thumbnails/PS-PHOTO.jpg","width":117,"height":150},"usages":["4650308"]}]